{
  "synthetic": {
    "chamfer_distance": {
      "mean": 0.008577644945412594,
      "std": 0.0116344043425615,
      "median": 0.0062264627777040005,
      "n": 3979
    },
    "fscore_0.01": {
      "mean": 0.04450585999200507,
      "std": 0.05984147532947136
    },
    "fscore_0.02": {
      "mean": 0.20531525290167985,
      "std": 0.16937839268373853
    },
    "fscore_0.05": {
      "mean": 0.6829155509083477,
      "std": 0.20950622120777185
    }
  }
}