{
  "synthetic_tta": {
    "chamfer_distance": {
      "mean": 0.009167198213185661,
      "std": 0.011812562642652347,
      "median": 0.0068202754482626915,
      "n": 3979
    },
    "fscore_0.01": {
      "mean": 0.04439973350093878,
      "std": 0.060251912112501096
    },
    "fscore_0.02": {
      "mean": 0.20386989013996765,
      "std": 0.16893688994456033
    },
    "fscore_0.05": {
      "mean": 0.6739455224130678,
      "std": 0.20694101062230694
    }
  }
}