{
  "synthetic_tta": {
    "chamfer_distance": {
      "mean": 0.005820679261613315,
      "std": 0.004587009647059647,
      "median": 0.004750982392579317,
      "n": 2600
    },
    "fscore_0.01": {
      "mean": 0.022280437135755515,
      "std": 0.023251077429252868
    },
    "fscore_0.02": {
      "mean": 0.14278013504593848,
      "std": 0.11652879831455872
    },
    "fscore_0.05": {
      "mean": 0.6821838361096497,
      "std": 0.19935385357856064
    }
  }
}