{
  "Old 1024-pt (TTA)": {
    "cd": 0.005821,
    "f01": 0.0223,
    "f02": 0.1428,
    "f05": 0.6822
  },
  "Baseline (2048-pt)": {
    "cd": 0.00856,
    "f01": 0.0448,
    "f02": 0.2068,
    "f05": 0.6858
  },
  "+ DANN (partial)": {
    "cd": 0.009423
  },
  "+ AdaIN VGG": {
    "cd": 0.050521
  }
}