{
  "1024-pt (100ep, TTA)": {
    "cd": 0.005821,
    "f01": 0.0223,
    "f02": 0.1428,
    "f05": 0.6822
  },
  "2048-pt (100ep, no TTA)": {
    "cd": 0.00856,
    "f01": 0.0448,
    "f02": 0.2068,
    "f05": 0.6858
  }
}